<?xml version="1.0" encoding="UTF-8"?>
<!DOCTYPE hibernate-configuration PUBLIC
        "-//Hibernate/Hibernate Configuration DTD 3.0//EN"
        "http://www.hibernate.org/dtd/hibernate-configuration-3.0.dtd">
<hibernate-configuration>
    <session-factory>
         <property name="dialect">org.hibernate.dialect.MySQLDialect</property>
         <property name="show_sql">false</property>
         <property name="hbm2ddl.auto">update</property>
         
        <!-- org.hibernate.HibernateException: No CurrentSessionContext configured! -->
        <!-- <PROPERTY NAME="HIBERNATE.CURRENT_SESSION_CONTEXT_CLASS">THREAD</PROPERTY> -->
         
        <!-- Mapping with model class containing annotations -->
        <mapping class="com.wow.webapp.entitymodel.User"/>
        <mapping class="com.wow.webapp.entitymodel.Authority"/>
        <mapping class="com.wow.webapp.entitymodel.Clinic"/>
        <mapping class="com.wow.webapp.entitymodel.ClinicAddress"/>
        <mapping class="com.wow.webapp.entitymodel.ClinicTest"/>
        <mapping class="com.wow.webapp.entitymodel.ClinicPhoneNo"/>
        <mapping class="com.wow.webapp.entitymodel.Country"/>
        <mapping class="com.wow.webapp.entitymodel.State"/>
        <mapping class="com.wow.webapp.entitymodel.City"/>
        <mapping class="com.wow.webapp.entitymodel.Booking"/>
        <mapping class="com.wow.webapp.entitymodel.Doctor"/>
        <mapping class="com.wow.webapp.entitymodel.Slot"/>
        <mapping class="com.wow.webapp.entitymodel.Profile"/>
        
    </session-factory>
</hibernate-configuration>